fortnum,imgid,feature1,feature2,feature3
0,/home/shwethar99/Automatic-leaf-infection-identifier-master/testimage/testingleaf1.jpg,80.0,0,595.6122596263885
1,/home/shwethar99/Automatic-leaf-infection-identifier-master/testimage/4.png,20250,1142.5,628.7665876150131
2,/home/shwethar99/argisys/public/Automatic-leaf-infection-identifier-master/leaf_sampler/leaf1.jpg,18.0,0,119.39696860313416
3,/home/shwethar99/argisys/testimage/leaf4.jpg,0.0,0,105.31370830535889
4,/home/shwethar99/argisys/testimage/2.png,15707,4200.5,589.9898953437805
5,/home/shwethar99/argisys/testimage/testingleaf1.jpg,80.0,0,595.6122596263885
6,/home/shwethar99/argisys/testimage/testingleaf.jpg,54.5,0,459.0609630346298
7,/home/shwethar99/argisys/testimage/testing1.jpg,9638,646.0,571.1442233324051
8,/home/shwethar99/argisys/testimage/leaf4.jpg,0.0,0,105.31370830535889
9,/home/shwethar99/argisys/testimage/testing1.jpg,9638,646.0,571.1442233324051
