Bajra,70.3,28.07,6
Banana,139.1,28.3,6
Barley,139.1,28.3,6
Bean,20.9,27.23,6
Black pepper,257.8,27.77,6
Blackgram,20.9,27.23,6
Bottle Gourd,20.9,27.23,6
Brinjal,70.3,28.07,6
Cabbage,139.1,28.3,6
Cardamom,343.5,27.51,6
Carrot,139.1,28.3,6
Castor seed,257.8,27.77,6
Cauliflower,139.1,28.3,6
Chillies,70.3,28.07,6
Coriander,70.3,28.07,6
Cotton,139.1,28.3,6
Cowpea,223.5,28.07,6
Drum Stick,139.1,28.3,6
Garlic,139.1,28.3,6
Ginger,343.5,27.51,6
Gram,139.1,28.3,6
Grapes,139.1,28.3,6
Groundnut,70.3,28.07,6
Guar seed,70.3,28.07,6
Horse-gram,257.8,27.77,6
Jowar,70.3,28.07,6
Jute,139.1,28.3,6
Khesari,139.1,28.3,6
Lady Finger,20.9,27.23,6
Lentil,70.3,28.07,6
Linseed,223.5,28.07,6
Maize,257.8,27.77,6
Mesta,139.1,28.3,6
Moong(Green Gram),20.9,27.23,6
Moth,70.3,28.07,6
Onion,139.1,28.3,6
Orange,139.1,28.3,6
Papaya,646.9,26.67,6
Peas & beans (Pulses),70.3,28.07,6
Potato,70.3,28.07,6
Raddish,20.9,27.23,6
Ragi,139.1,28.3,6
Rice,223.5,28.07,6
Safflower,139.1,28.3,6
Sannhamp,223.5,28.07,6
Sesamum,139.1,28.3,6
Soyabean,139.1,28.3,6
Sugarcane,646.9,26.67,6
Sunflower,139.1,28.3,6
Sweet potato,223.5,28.07,6
Tapioca,223.5,28.07,6
Tomato,139.1,28.3,6
Turmeric,343.5,27.51,6
Urad,70.3,28.07,6
Varagu,139.1,28.3,6
Wheat,70.3,28.07,6
